0,-либо
0,-таки
0,абака
0,аббат
0,абзац
0,аборт
0,абрек
0,абрис
0,абхаз
0,абцуг
0,абшид
0,аваль
0,аванс
0,авгит
0,авгур
0,авеню
0,аверс
0,авизо
0,авось
0,аврал
0,авран
0,автол
0,автор
0,агава
0,агама
0,агами
0,агент
0,агнат
0,агнец
0,аграф
0,агути
0,адепт
0,адрес
0,адряс
0,адски
0,ажгон
0,азарт
0,азиат
0,аймак
0,айран
0,айрол
0,айсор
0,акажу
0,акант
0,аканф
0,акать
0,аксон
0,актер
0,актив
0,актин
0,акула
0,акциз
0,акция
0,алгол
0,алеть
0,алеут
0,алиби
0,алкил
0,аллах
0,аллея
0,аллод
0,аллюр
0,алмаз
0,алтей
0,алтея
0,алтын
0,алчба
0,алыча
0,альфа
0,амбар
0,амбра
0,амбре
0,амвон
0,амеба
0,аминь
0,ампер
0,ампир
0,ангар
0,ангел
0,ангоб
0,анион
0,анкер
0,анона
0,анонс
0,антик
0,антре
0,анфас
0,анчар
0,аорта
0,апекс
0,апноэ
0,апорт
0,апрош
0,арбуз
0,аргал
0,аргон
0,аргус
0,ареал
0,арена
0,арест
0,ариец
0,аркан
0,армия
0,армюр
0,армяк
0,арсин
0,артос
0,архар
0,архив
0,аршин
0,аскер
0,аскет
0,аспид
0,астат
0,астма
0,астра
0,асцит
0,атака
0,атлас
0,атлет
0,атолл
0,атрий
0,аттик
0,афера
0,афиша
0,ахать
0,ахеец
0,ацтек
0,аэроб
0,аэрон
0,бабах
0,бабий
0,бабка
0,бабье
0,багаж
0,багер
0,багет
0,багор
0,бадан
0,бадья
0,базар
0,базис
0,байка
0,бакан
0,бакен
0,балда
0,балет
0,балка
0,балок
0,балык
0,банан
0,банда
0,банка
0,банту
0,барак
0,баран
0,барда
0,бареж
0,баржа
0,барий
0,барин
0,барит
0,барич
0,барка
0,бармы
0,барон
0,барыш
0,баска
0,басма
0,басня
0,басок
0,басон
0,баста
0,бастр
0,батан
0,батат
0,батог
0,батон
0,батуд
0,батут
0,батыр
0,бахча
0,бачки
0,бачок
0,башка
0,башня
0,баять
0,бдеть
0,бебут
0,бегом
0,бегун
0,бедро
0,бейка
0,бекар
0,бекас
0,бекон
0,белек
0,белец
0,белка
0,белок
0,белые
0,белый
0,белье
0,беляк
0,беляш
0,бердо
0,берег
0,берет
0,берма
0,берце
0,берцо
0,бетон
0,бивак
0,бивни
0,бигус
0,бидон
0,бизон
0,билет
0,билль
0,бином
0,бионт
0,биржа
0,бирка
0,бирюк
0,бирюч
0,бисер
0,бистр
0,битва
0,битки
0,биток
0,битум
0,битый
0,битье
0,битюг
0,благо
0,блажь
0,бланк
0,блеск
0,блинт
0,блоха
0,блуза
0,блюдо
0,блюмс
0,бляха
0,бобби
0,бобер
0,бобок
0,богач
0,бодун
0,бодяк
0,божба
0,божий
0,божок
0,бозон
0,бойня
0,бокаж
0,бокал
0,боком
0,более
0,болид
0,болюс
0,бомба
0,бонза
0,бонмо
0,бонна
0,борат
0,бордо
0,борей
0,борец
0,борид
0,боров
0,борок
0,борть
0,босой
0,босяк
0,ботва
0,ботик
0,бочаг
0,бочар
0,бочка
0,бочок
0,браво
0,брага
0,брада
0,брань
0,брасс
0,брать
0,бремя
0,брешь
0,бридж
0,бритт
0,брить
0,брови
0,бровь
0,бронх
0,броня
0,брошь
0,брыжи
0,брыла
0,брылы
0,брысь
0,брюки
0,брюхо
0,бубал
0,бубен
0,бубна
0,бубны
0,бубон
0,бугай
0,бугор
0,будка
0,будни
0,будра
0,будто
0,бузун
0,букан
0,буква
0,букет
0,букле
0,букли
0,букля
0,букса
0,булат
0,булга
0,булка
0,булла
0,бульк
0,бурав
0,бурак
0,буран
0,бурда
0,бурка
0,бурки
0,бурре
0,бурса
0,бурун
0,бурый
0,бурят
0,бутан
0,бутил
0,бутон
0,бутса
0,бутсы
0,бутуз
0,буфер
0,буфет
0,бухта
0,быдло
0,былой
0,былье
0,бытие
0,бытье
0,бычий
0,бычок
0,бьюик
0,бювар
0,бювет
0,бюкса
0,бяшка
0,вабик
0,вагон
0,важно
0,вазон
0,вакса
0,валах
0,валек
0,валет
0,валец
0,валик
0,валка
0,валок
0,валом
0,валуй
0,валун
0,валух
0,вальс
0,ванна
0,ванта
0,ванты
0,вапор
0,варан
0,варка
0,варяг
0,ватер
0,ватин
0,ватка
0,вафля
0,вахня
0,вахта
0,ваять
0,вбить
0,вброд
0,вверх
0,ввиду
0,ввить
0,вволю
0,ввысь
0,вдали
0,вдаль
0,вдвое
0,вдеть
0,вдова
0,вдоль
0,вдруг
0,вдуть
0,ведро
0,ведун
0,вежда
0,вежды
0,везде
0,везти
0,вейка
0,векша
0,велюр
0,венгр
0,венды
0,венед
0,венет
0,венец
0,веник
0,венка
0,венок
0,вента
0,вепрь
0,верба
0,вервь
0,веред
0,верес
0,верея
0,верже
0,верки
0,верно
0,верть
0,верфь
0,верхи
0,верша
0,вески
0,весло
0,весна
0,весок
0,вести
0,весть
0,ветвь
0,ветер
0,ветка
0,ветла
0,вечер
0,вечор
0,вешка
0,вещий
0,вещун
0,веять
0,вжать
0,вживе
0,взаем
0,взвар
0,взвод
0,взвоз
0,вздор
0,вздох
0,взлет
0,взлом
0,взмах
0,взмет
0,взмыв
0,взнос
0,взрез
0,взрыв
0,взыск
0,взять
0,виват
0,вивер
0,видам
0,видик
0,видно
0,визир
0,визит
0,вилка
0,вилла
0,вилок
0,винил
0,винол
0,винцо
0,виола
0,вираж
0,вирус
0,вирши
0,виски
0,висок
0,вития
0,витой
0,виток
0,витье
0,вихор
0,вихрь
0,вишня
0,вклад
0,вкось
0,вкруг
0,вкупе
0,влага
0,власы
0,влево
0,влечь
0,влить
0,влюбе
0,вмять
0,внаем
0,внизу
0,внове
0,вновь
0,внука
0,внять
0,вобла
0,вовек
0,вовне
0,вовсе
0,вовсю
0,вогул
0,водка
0,вожак
0,вождь
0,вожжа
0,вожжи
0,возка
0,возле
0,возня
0,возок
0,война
0,войти
0,волан
0,волга
0,волей
0,волна
0,волок
0,волос
0,волох
0,волхв
0,вольт
0,волюм
0,вопль
0,ворог
0,ворон
0,ворот
0,ворох
0,вотум
0,вотще
0,вотяк
0,вошка
0,вояка
0,впечь
0,впить
0,впору
0,впрок
0,впуск
0,враки
0,враль
0,врата
0,врать
0,время
0,вроде
0,врозь
0,вруша
0,врыть
0,всего
0,вслед
0,вслух
0,всход
0,всюду
0,всяко
0,втечь
0,втора
0,втрое
0,втуне
0,вуаль
0,вчера
0,вчуже
0,вширь
0,вшить
0,въезд
0,въяве
0,въявь
0,выбег
0,выбор
0,вывал
0,вывес
0,вывих
0,вывод
0,вывоз
0,выгар
0,выгиб
0,выгон
0,выгул
0,выдел
0,выдох
0,выдра
0,выезд
0,выжиг
0,выжим
0,вызов
0,вызол
0,выйти
0,выкат
0,выкос
0,выкуп
0,выкус
0,вылаз
0,вылет
0,вылов
0,вылом
0,вымол
0,вынос
0,выпад
0,выпал
0,выпас
0,выпек
0,выпор
0,выпот
0,вырез
0,выруб
0,высев
0,вытье
0,выход
0,вычет
0,вышаг
0,вышка
0,вьюга
0,вязка
0,вялый
0,вятич
0,вятка
0,вящий
0,гавот
0,гагат
0,газик
0,газон
0,гайка
0,галка
0,галлы
0,галоп
0,галун
0,гамак
0,гамма
0,ганаш
0,ганец
0,ганка
0,гараж
0,гарда
0,гарем
0,гарус
0,гаусс
0,гачек
0,гашиш
0,гвалт
0,гевея
0,гейша
0,гелий
0,гемма
0,гений
0,генри
0,геоид
0,герма
0,герой
0,гетра
0,гетры
0,гетто
0,гибка
0,гидра
0,гиена
0,гилея
0,гиляк
0,гинея
0,гипюр
0,гирло
0,гитов
0,гичка
0,глава
0,главк
0,гладь
0,глаза
0,глень
0,глина
0,глипт
0,глист
0,глубь
0,глупо
0,глушь
0,глыба
0,глядь
0,глядя
0,глясе
0,гмина
0,гнать
0,гнейс
0,гнида
0,гниль
0,гнить
0,гнома
0,гнусь
0,гнуть
0,гобой
0,говор
0,гогот
0,годик
0,годок
0,гокко
0,голец
0,голик
0,голод
0,голос
0,голый
0,голыш
0,гольд
0,голье
0,гольф
0,голяк
0,гомон
0,гонец
0,гонка
0,гонки
0,гонок
0,гонор
0,гопак
0,гопля
0,горал
0,горец
0,горка
0,горло
0,город
0,горох
0,горст
0,горюн
0,гость
0,гофры
0,граве
0,грамм
0,гранд
0,грань
0,графа
0,греза
0,грена
0,греть
0,греча
0,грива
0,гридь
0,грипп
0,гроза
0,грозд
0,гросс
0,гроши
0,груда
0,грудь
0,грунт
0,груша
0,грыжа
0,гряда
0,грязи
0,грязь
0,гуава
0,гуано
0,гуашь
0,губан
0,губка
0,гудок
0,гужом
0,гузка
0,гузно
0,гуляш
0,гумма
0,гумми
0,гумно
0,гумус
0,гуппи
0,гуран
0,гурия
0,гусак
0,гусар
0,гусек
0,гусем
0,гусит
0,гусли
0,густи
0,гуцул
0,гюрза
0,давка
0,давно
0,давок
0,дайна
0,дайра
0,далее
0,далия
0,дамба
0,дамка
0,дамно
0,дарма
0,даром
0,дацан
0,дачка
0,двери
0,дверь
0,дебет
0,дебил
0,дебит
0,дебош
0,дебри
0,дебют
0,девиз
0,девка
0,девон
0,дедка
0,дедов
0,дежка
0,деизм
0,деист
0,декан
0,декор
0,дележ
0,делец
0,демон
0,демос
0,денди
0,денек
0,денно
0,дерба
0,дерби
0,дерен
0,дерма
0,дерть
0,десна
0,десть
0,детва
0,детка
0,детки
0,дефис
0,джинн
0,дзета
0,дзинь
0,дзюдо
0,диван
0,диета
0,дикий
0,динар
0,динас
0,динго
0,дихта
0,дичок
0,длань
0,длина
0,длить
0,днесь
0,днище
0,добор
0,добро
0,довод
0,догма
0,дождь
0,дозор
0,доить
0,дойка
0,дойна
0,дойра
0,дойти
0,докер
0,долго
0,долее
0,долой
0,домен
0,домик
0,домна
0,домой
0,домок
0,домра
0,донец
0,донка
0,донна
0,донор
0,донос
0,донце
0,донья
0,доска
0,досол
0,досуг
0,досье
0,дотла
0,дофин
0,доход
0,дочка
0,драга
0,драже
0,драйв
0,драка
0,драма
0,дрань
0,драть
0,древо
0,дрейф
0,дрель
0,дрема
0,дрена
0,дробь
0,дрова
0,дрога
0,дроги
0,дрожь
0,дрозд
0,дросс
0,дрофа
0,друза
0,друид
0,дрязг
0,дрянь
0,дубка
0,дубль
0,дубок
0,дубье
0,дуван
0,дудак
0,дудка
0,дудки
0,дужка
0,дукат
0,дулеб
0,думец
0,думка
0,дупло
0,дурак
0,дурий
0,дурно
0,дурра
0,дурро
0,дутар
0,дутик
0,дутый
0,дутыш
0,дутье
0,духан
0,духов
0,духом
0,душка
0,душно
0,душок
0,дуэль
0,дщерь
0,дыбом
0,дылда
0,дымка
0,дымок
0,дырка
0,дышло
0,дюбек
0,дюжий
0,дюкер
0,дюшес
0,дядин
0,дятел
0,евнух
0,еврей
0,егерь
0,егоза
0,едать
0,едкий
0,ежели
0,ежить
0,ежиха
0,ездка
0,ездок
0,езжай
0,ей-ей
0,екать
0,елико
0,емкий
0,емшан
0,ересь
0,ерник
0,ершик
0,ершом
0,есаул
0,ехать
0,ехида
0,жабий
0,жабка
0,жабра
0,жабры
0,жажда
0,жакан
0,жакет
0,жамка
0,жарка
0,жарко
0,жарок
0,жатва
0,жатка
0,жатый
0,жвала
0,жвало
0,жвалы
0,ждать
0,жевок
0,желна
0,желоб
0,желть
0,желчь
0,женин
0,жених
0,женка
0,жеода
0,жердь
0,жерех
0,жерло
0,жесть
0,жетон
0,живец
0,живой
0,живот
0,жиган
0,жизнь
0,жилет
0,жилец
0,жилка
0,жилой
0,жилье
0,жираф
0,жирок
0,жиряк
0,житие
0,житье
0,жменя
0,жмудь
0,жмыхи
0,жнива
0,жниво
0,жница
0,жокей
0,жрать
0,жрица
0,жулан
0,жулик
0,жулье
0,жупан
0,жупел
0,жутко
0,жучка
0,жучок
0,забег
0,забой
0,забор
0,завал
0,завет
0,завод
0,завоз
0,завуч
0,загар
0,загиб
0,загон
0,загул
0,задел
0,задик
0,задок
0,задом
0,задор
0,заезд
0,зажим
0,зажин
0,зажор
0,зазор
0,зазыв
0,заика
0,зайка
0,зайти
0,заказ
0,закал
0,закат
0,закол
0,закон
0,закуп
0,закут
0,залет
0,залив
0,зализ
0,залог
0,залом
0,замах
0,замер
0,замес
0,замет
0,замок
0,замор
0,замуж
0,замша
0,занос
0,запад
0,запал
0,запас
0,запах
0,запев
0,запой
0,запор
0,зараз
0,зарез
0,зарод
0,зарок
0,заруб
0,заряд
0,засев
0,засим
0,засов
0,засол
0,засор
0,засос
0,затек
0,затем
0,затес
0,затея
0,заток
0,затон
0,затор
0,затяг
0,заумь
0,заход
0,зацеп
0,зачем
0,зачес
0,зачет
0,зачин
0,звать
0,звено
0,зверь
0,здесь
0,зебра
0,зевок
0,зелот
0,зелье
0,зельц
0,земец
0,земля
0,земно
0,зенит
0,зенки
0,зерно
0,зернь
0,зефир
0,зимой
0,зипун
0,зиять
0,злато
0,злеть
0,злить
0,злоба
0,злюка
0,знамо
0,знамя
0,знать
0,золка
0,зоман
0,зраза
0,зразы
0,зреть
0,зубец
0,зубик
0,зубок
0,зулус
0,зумпф
0,зурна
0,зыбка
0,зыбун
0,зятев
0,зятек
0,иберы
0,иваси
0,ивина
0,ивняк
0,игрек
0,игрец
0,игрок
0,игрун
0,идеал
0,идиом
0,идиот
0,иерей
0,ижица
0,из-за
0,избач
0,извет
0,извив
0,извне
0,извод
0,извоз
0,изгиб
0,изгой
0,излет
0,излом
0,измор
0,износ
0,изъян
0,изыск
0,изюбр
0,икать
0,икона
0,икота
0,иксия
0,иктус
0,ильин
0,илька
0,имаго
0,иметь
0,иначе
0,инвар
0,ингуш
0,индау
0,индий
0,индол
0,индус
0,индюк
0,инжир
0,инкор
0,инока
0,иомен
0,ионий
0,ионит
0,иприт
0,ирбис
0,ирмос
0,ирный
0,искра
0,искус
0,ислам
0,испод
0,испуг
0,иссоп
0,истец
0,истод
0,исток
0,истый
0,исход
0,итого
0,иудей
0,ихний
0,ичиги
0,ишиас
0,йодид
0,йомен
0,кааба
0,кабак
0,кабан
0,кабил
0,кабул
0,кавун
0,кагал
0,каган
0,кагат
0,кагор
0,кадет
0,кадий
0,кадка
0,кадры
0,кадык
0,казак
0,казан
0,казах
0,казна
0,казнь
0,казус
0,кайла
0,кайло
0,кайма
0,кайра
0,какао
0,каков
0,какой
0,калам
0,калач
0,калий
0,калин
0,калиф
0,калым
0,камея
0,камин
0,камка
0,камса
0,камча
0,камыш
0,канал
0,канат
0,канва
0,канна
0,канон
0,каноэ
0,канун
0,канюк
0,капер
0,капли
0,капля
0,капок
0,капор
0,капот
0,капут
0,карат
0,карга
0,карго
0,карда
0,карел
0,карий
0,карла
0,карма
0,карст
0,карта
0,карча
0,каска
0,каско
0,касса
0,каста
0,катар
0,катер
0,катет
0,катод
0,каток
0,катыш
0,кацап
0,качка
0,кашка
0,кашне
0,кашпо
0,кашуб
0,каюта
0,квант
0,кварк
0,кварц
0,квиты
0,квота
0,кегли
0,кегль
0,кегля
0,кекур
0,кельт
0,келья
0,кенар
0,кенаф
0,кепка
0,кетон
0,кефир
0,кечуа
0,кзади
0,кианг
0,кивер
0,кивок
0,кивот
0,кидас
0,кизил
0,кизяк
0,килим
0,киник
0,киоск
0,кирза
0,кирка
0,кирха
0,кисет
0,кисея
0,киска
0,киста
0,кисть
0,кифоз
0,кичка
0,кишка
0,кишмя
0,кладь
0,клака
0,класс
0,клерк
0,клест
0,клеть
0,клещи
0,клика
0,клико
0,клинч
0,клише
0,клоун
0,клуня
0,клупп
0,клуша
0,клюка
0,клюфт
0,кляча
0,кнели
0,кнель
0,кнехт
0,книга
0,книзу
0,кница
0,князь
0,коала
0,кобел
0,кобза
0,кобра
0,ковач
0,ковер
0,ковка
0,когда
0,кодак
0,кожан
0,кожух
0,козел
0,козий
0,козлы
0,козни
0,козон
0,койка
0,койне
0,койот
0,кокет
0,кокон
0,кокор
0,кокос
0,колба
0,колер
0,колет
0,колея
0,колит
0,колка
0,колли
0,колоб
0,колок
0,колон
0,колос
0,колун
0,колье
0,кольт
0,колюр
0,комар
0,комик
0,комма
0,комми
0,комод
0,комок
0,комуз
0,конек
0,конец
0,коник
0,конка
0,конто
0,конус
0,конюх
0,копал
0,копач
0,копер
0,копия
0,копка
0,копна
0,копра
0,копты
0,копун
0,копыл
0,копье
0,коран
0,корда
0,корец
0,корка
0,корма
0,короб
0,корча
0,корчи
0,корье
0,коряк
0,косач
0,косая
0,косец
0,космы
0,косой
0,косок
0,кость
0,косяк
0,котел
0,котик
0,кофей
0,кофта
0,кохия
0,кочан
0,кочет
0,кочка
0,кошер
0,кошка
0,кошма
0,кощей
0,крага
0,краги
0,кража
0,краля
0,крапп
0,краса
0,краше
0,кредо
0,креол
0,крепь
0,кресс
0,крест
0,крица
0,кровь
0,кроки
0,кроль
0,кроме
0,крона
0,кросс
0,кроха
0,круиз
0,крупа
0,круча
0,крыло
0,крыса
0,крыть
0,крыша
0,кряду
0,кубик
0,кубок
0,кувез
0,кудри
0,кузен
0,кузня
0,кузов
0,кукан
0,кукиш
0,кукла
0,кулаж
0,кулак
0,кулан
0,кулек
0,кулер
0,кулеш
0,кулик
0,кулич
0,кулон
0,культ
0,кумач
0,кумжа
0,кумир
0,кумов
0,кумык
0,кумыс
0,кунак
0,куний
0,купаж
0,купец
0,купля
0,купно
0,купол
0,купон
0,кураж
0,курва
0,курий
0,курия
0,курка
0,курок
0,курсы
0,курья
0,кусок
0,кутас
0,кутеж
0,куток
0,кутум
0,кутья
0,кухня
0,куцый
0,кучер
0,кучка
0,кушак
0,кхмер
0,кювет
0,кюрий
0,кюрин
0,кяриз
0,лабаз
0,лаваш
0,лавка
0,лавра
0,лагун
0,ладан
0,ладно
0,ладья
0,лазер
0,лайба
0,лайда
0,лайка
0,лакей
0,лампа
0,ламут
0,ландо
0,ланды
0,ланка
0,лапка
0,лапта
0,лапша
0,ларго
0,ларек
0,ларец
0,ласка
0,лассо
0,ласты
0,латка
0,латук
0,латыш
0,лафет
0,лафит
0,лачка
0,лачок
0,лаять
0,лбина
0,лбище
0,лгать
0,левак
0,левее
0,левит
0,левша
0,левый
0,легат
0,легаш
0,легко
0,ледок
0,лежак
0,лежка
0,лежмя
0,лезть
0,лейка
0,лекаж
0,лемех
0,лемма
0,лемур
0,ленок
0,лента
0,ленто
0,ленца
0,лепет
0,лепка
0,лепра
0,лепта
0,леска
0,лесок
0,лесть
0,летка
0,леток
0,летом
0,летун
0,лешак
0,леший
0,лещик
0,лиана
0,ливер
0,ливмя
0,лидер
0,лизин
0,лизис
0,лизол
0,лизун
0,ликер
0,лилия
0,лиман
0,лимит
0,лимон
0,лимфа
0,линек
0,линза
0,линия
0,липец
0,липка
0,липси
0,лирик
0,лисий
0,литер
0,литий
0,лития
0,литка
0,литой
0,литье
0,лихач
0,лихва
0,лихой
0,лицей
0,лишай
0,лишек
0,лобан
0,лобби
0,лобик
0,лобио
0,лобия
0,лобок
0,ловец
0,ловля
0,логик
0,логос
0,лодка
0,ложка
0,ложок
0,локва
0,локон
0,ломик
0,ломка
0,лонжа
0,лопух
0,лоток
0,лотос
0,лохмы
0,лоция
0,лошак
0,лубок
0,лужок
0,лузга
0,лукно
0,лунка
0,лупка
0,лучик
0,лучок
0,лучше
0,лыжня
0,лысун
0,лысый
0,лычки
0,лычко
0,льяло
0,любая
0,любой
0,люмен
0,люнет
0,люпин
0,люпус
0,лютик
0,лютич
0,лютня
0,лютый
0,ляжка
0,лямка
0,ляпис
0,лярва
0,ляшка
0,магия
0,магма
0,магот
0,мадам
0,мадия
0,маета
0,мажор
0,мазер
0,мазик
0,мазка
0,мазло
0,мазня
0,мазок
0,мазур
0,мазут
0,майка
0,майна
0,майор
0,макао
0,макет
0,маков
0,макса
0,малек
0,малец
0,малик
0,малка
0,малое
0,малый
0,малыш
0,малье
0,маляр
0,мамин
0,мамка
0,мамон
0,манго
0,манеж
0,манер
0,мание
0,мания
0,манка
0,манко
0,манна
0,манок
0,манси
0,манто
0,манул
0,марал
0,маран
0,марго
0,маржа
0,марка
0,марля
0,марши
0,маска
0,масло
0,масон
0,масса
0,масть
0,матка
0,мафия
0,махра
0,махры
0,мачок
0,мачта
0,маять
0,мегом
0,медик
0,медок
0,медяк
0,между
0,мезга
0,мезон
0,мелис
0,мелок
0,мелос
0,менее
0,мерея
0,мерин
0,мерка
0,мерси
0,месса
0,мести
0,место
0,месть
0,месье
0,месяц
0,метан
0,метек
0,метил
0,метис
0,метка
0,метла
0,метод
0,метол
0,метоп
0,метро
0,меццо
0,мечта
0,мешок
0,мигач
0,мигли
0,мигом
0,мидия
0,мизер
0,микоз
0,микст
0,милая
0,милка
0,милок
0,милый
0,минер
0,минея
0,минор
0,минус
0,миома
0,мираж
0,мирза
0,мирок
0,мирон
0,мирра
0,мирта
0,миска
0,митоз
0,митра
0,мишка
0,млеко
0,млеть
0,мнить
0,много
0,могар
0,модус
0,можно
0,мозги
0,мойва
0,мойка
0,мойра
0,мокко
0,мокша
0,молва
0,молвь
0,молот
0,молох
0,молча
0,моляр
0,монах
0,моном
0,мопед
0,морда
0,морзе
0,мороз
0,морок
0,морфа
0,морцо
0,моряк
0,мосол
0,мосье
0,мотет
0,мотив
0,мотка
0,мотня
0,моток
0,мотор
0,мотто
0,мохер
0,мохны
0,мочка
0,мошка
0,мошна
0,мразь
0,мрежа
0,мужик
0,музей
0,мулат
0,мулек
0,мулла
0,муляж
0,мумие
0,мумия
0,мунда
0,мураш
0,мурда
0,мурза
0,мурло
0,мурья
0,мусор
0,мутон
0,муфта
0,муцин
0,мучка
0,мушка
0,мцыри
0,мчать
0,мшить
0,мымра
0,мысик
0,мысль
0,мысок
0,мытый
0,мытье
0,мышей
0,мыший
0,мышка
0,мышца
0,мэлан
0,мэрия
0,мэрон
0,мюзет
0,мюрид
0,мякиш
0,мялка
0,мямля
0,мяско
0,мясцо
0,мятеж
0,мятие
0,мятый
0,мятье
0,мячик
0,на-ка
0,набат
0,набег
0,набоб
0,набок
0,набор
0,навал
0,навар
0,навек
0,навес
0,навет
0,навий
0,навис
0,навоз
0,навой
0,навык
0,наган
0,нагар
0,нагиб
0,нагой
0,нагон
0,нагул
0,надел
0,надир
0,надой
0,надув
0,наезд
0,нажим
0,нажин
0,назад
0,назем
0,назло
0,найти
0,наказ
0,накал
0,накат
0,накос
0,налет
0,налив
0,налим
0,налог
0,намаз
0,намек
0,намет
0,намин
0,намол
0,намыв
0,нанду
0,нанка
0,нанос
0,напев
0,напой
0,напор
0,нарды
0,нарез
0,народ
0,нарта
0,нарты
0,нарыв
0,наряд
0,насад
0,насос
0,насып
0,натек
0,натяг
0,наука
0,нахал
0,нация
0,начес
0,начет
0,начин
0,наяву
0,наяда
0,невод
0,негде
0,негус
0,недра
0,недуг
0,нейти
0,некий
0,некто
0,немая
0,немец
0,немка
0,немой
0,ненец
0,нения
0,ненка
0,непер
0,нервы
0,нерка
0,нерол
0,нерпа
0,нести
0,несть
0,нетто
0,нефть
0,нечет
0,нечто
0,нешто
0,ни-ни
0,нивоз
0,нивух
0,нигде
0,низка
0,низок
0,низом
0,никак
0,никой
0,никто
0,нилот
0,нимфа
0,нисан
0,нитка
0,нитон
0,ничей
0,ничто
0,ничья
0,нищая
0,нищий
0,новик
0,новое
0,новый
0,ножик
0,ножка
0,ножны
0,нойон
0,нолик
0,номад
0,номер
0,нонет
0,нория
0,норка
0,норма
0,норов
0,носач
0,носик
0,носка
0,носки
0,носок
0,нотис
0,нотка
0,ночва
0,ночка
0,ночью
0,нощно
0,ну-ка
0,ну-ну
0,нудно
0,нужда
0,нужно
0,нукер
0,нулик
0,нумер
0,нутро
0,нынче
0,нырок
0,нытик
0,нытье
0,нюанс
0,нянин
0,оазис
0,обвал
0,обвес
0,обвод
0,обвоз
0,обгон
0,обдир
0,обдув
0,обжиг
0,обжим
0,обжин
0,обжог
0,обзол
0,обзор
0,обида
0,обить
0,обкат
0,обком
0,обкос
0,облет
0,облик
0,облов
0,облог
0,облом
0,обман
0,обмен
0,обмер
0,обмет
0,обмин
0,обмол
0,обмыв
0,обнос
0,обора
0,образ
0,обрат
0,обрез
0,оброк
0,обруб
0,обруч
0,обрыв
0,обряд
0,обсев
0,обувь
0,обуза
0,обуть
0,обход
0,общий
0,объем
0,обыск
0,овамо
0,овить
0,овощи
0,овраг
0,овсец
0,овсюг
0,овчар
0,огонь
0,огрех
0,одаль
0,одежа
0,одеон
0,одеть
0,одурь
0,ожечь
0,ожить
0,оземь
0,озеро
0,озимь
0,озноб
0,ойрот
0,окапи
0,окать
0,океан
0,окись
0,оклад
0,оклик
0,оковы
0,окоем
0,около
0,окорм
0,окрас
0,окрик
0,окрол
0,округ
0,оксид
0,октан
0,октет
0,октод
0,окунь
0,олеат
0,олеин
0,олень
0,олеум
0,олива
0,олифа
0,олово
0,ольха
0,омега
0,омела
0,омлет
0,омуль
0,омыть
0,онагр
0,оникс
0,онуча
0,онучи
0,оолит
0,опала
0,опара
0,опека
0,опера
0,опись
0,опить
0,опиум
0,оплот
0,оплыв
0,опоек
0,опока
0,опора
0,опрос
0,оптик
0,оптом
0,опять
0,орава
0,орала
0,орало
0,орарь
0,орать
0,орган
0,оргия
0,орден
0,ордер
0,ореол
0,оркан
0,орлан
0,орлец
0,орлий
0,орлик
0,орляк
0,ороки
0,орочи
0,ортит
0,оршад
0,осада
0,осень
0,осетр
0,осечь
0,осина
0,оскал
0,ослик
0,ослоп
0,осляк
0,осман
0,осмий
0,осмол
0,осмос
0,особа
0,особо
0,особь
0,осоед
0,осока
0,остит
0,остов
0,остяк
0,осыпь
0,отава
0,отара
0,отбив
0,отбой
0,отбор
0,отвал
0,отвар
0,отвес
0,ответ
0,отвод
0,отвоз
0,отгиб
0,отгон
0,отгул
0,отдел
0,отдух
0,отдых
0,отель
0,отечь
0,отжиг
0,отжим
0,отжог
0,отзол
0,отзыв
0,отказ
0,откат
0,откол
0,откос
0,откуп
0,откус
0,отлет
0,отлив
0,отлов
0,отлуп
0,отмах
0,относ
0,отпад
0,отпор
0,отрез
0,отрог
0,отрок
0,отруб
0,отрыв
0,отряд
0,отсев
0,отсек
0,отсос
0,оттек
0,отток
0,отход
0,отцеп
0,отцов
0,отчал
0,отчет
0,отчий
0,отчим
0,отшиб
0,отщеп
0,отъем
0,офеня
0,офорт
0,офсет
0,охала
0,охать
0,охват
0,охота
0,очень
0,очерк
0,очкур
0,очный
0,ошеек
0,ошуюю
0,ощупь
0,павий
0,падеж
0,падло
0,падре
0,падуб
0,падун
0,пазок
0,пайза
0,пайка
0,пакет
0,пакля
0,палас
0,палац
0,палач
0,палаш
0,палец
0,палея
0,палия
0,палка
0,палый
0,пампа
0,панаш
0,панда
0,панна
0,панно
0,панты
0,паныч
0,папин
0,папка
0,парад
0,параф
0,парез
0,парик
0,пария
0,парка
0,парод
0,парок
0,паром
0,парта
0,парус
0,парча
0,парша
0,пасмо
0,пассы
0,паста
0,пасти
0,пасть
0,пасха
0,пасюк
0,патан
0,патер
0,патла
0,патлы
0,патуа
0,пауза
0,пафос
0,пахви
0,пахит
0,пахта
0,пацан
0,пачка
0,пашня
0,паять
0,певец
0,певун
0,пегас
0,пегий
0,пейсы
0,пекан
0,пекло
0,пелит
0,пемза
0,пенал
0,пенек
0,пение
0,пенис
0,пенка
0,пенни
0,пенье
0,пепел
0,перга
0,перед
0,перец
0,перка
0,перси
0,перст
0,песец
0,песий
0,песик
0,пески
0,песнь
0,песня
0,песок
0,петел
0,петит
0,петля
0,петух
0,печка
0,пеший
0,пешка
0,пешня
0,пещур
0,пиала
0,пиано
0,пивко
0,пивцо
0,пигус
0,пижма
0,пижон
0,пикап
0,пикет
0,пикон
0,пикша
0,пилав
0,пилка
0,пилон
0,пилот
0,пиния
0,пинок
0,пинта
0,пипка
0,пират
0,пирит
0,пирке
0,пирог
0,пирон
0,пироп
0,писец
0,писун
0,питие
0,питон
0,питух
0,питье
0,пифия
0,пифос
0,пихта
0,пищик
0,плавь
0,плаке
0,пламя
0,пласт
0,плата
0,плато
0,плаун
0,плаха
0,плебс
0,плева
0,племя
0,плена
0,плеск
0,плеть
0,плечи
0,плечо
0,плешь
0,плита
0,плица
0,плоть
0,плохо
0,плыть
0,плюха
0,пнище
0,пнуть
0,по-за
0,побег
0,побои
0,побор
0,повал
0,повар
0,повет
0,повод
0,повой
0,погиб
0,погон
0,подий
0,подле
0,подог
0,подол
0,поезд
0,пожар
0,пожня
0,пожог
0,позем
0,позер
0,позже
0,позор
0,позыв
0,поиск
0,поить
0,пойка
0,пойло
0,пойма
0,пойти
0,показ
0,покат
0,покер
0,покои
0,покой
0,покос
0,полба
0,полет
0,полив
0,полип
0,полир
0,полис
0,полка
0,полно
0,полог
0,полоз
0,полок
0,полом
0,полон
0,полть
0,полый
0,полюс
0,поляк
0,помет
0,помин
0,помои
0,помол
0,помор
0,помпа
0,понос
0,понур
0,пончо
0,понюх
0,попик
0,попка
0,попов
0,порез
0,порей
0,порка
0,порог
0,пороз
0,порой
0,порок
0,порос
0,порох
0,порою
0,порск
0,порто
0,порты
0,порча
0,порыв
0,посад
0,посев
0,после
0,посол
0,посох
0,посул
0,посыл
0,поташ
0,потек
0,потир
0,поток
0,потом
0,потоп
0,потяг
0,поход
0,похул
0,почва
0,почем
0,почет
0,почин
0,почка
0,почта
0,почти
0,почто
0,пошиб
0,пошив
0,поэма
0,право
0,праща
0,предо
0,прель
0,пресс
0,преть
0,прием
0,прима
0,принц
0,приор
0,приуз
0,причт
0,приют
0,проба
0,проем
0,проза
0,пропс
0,просо
0,прочь
0,прусс
0,прыть
0,прядь
0,пряжа
0,прямо
0,пряха
0,псарь
0,псина
0,псица
0,птаха
0,птица
0,пуант
0,пугач
0,пудик
0,пудра
0,пузан
0,пузач
0,пукля
0,пульс
0,пульт
0,пункт
0,пупок
0,пурга
0,пурин
0,пурка
0,пусть
0,путем
0,путец
0,путло
0,путля
0,пуфик
0,пучок
0,пушка
0,пушок
0,пушту
0,пущий
0,пхать
0,пчела
0,пшено
0,пыжик
0,пырей
0,пытка
0,пышка
0,пьеза
0,пьеро
0,пьеса
0,пялка
0,пясть
0,пятак
0,пятая
0,пятка
0,пятно
0,пяток
0,пятый
0,пятью
0,рабат
0,рабий
0,равно
0,радар
0,раджа
0,радий
0,радио
0,радон
0,ражий
0,разве
0,разик
0,разок
0,разом
0,разор
0,разум
0,раина
0,район
0,ракия
0,ракля
0,ракун
0,ракша
0,ралли
0,рамка
0,рампа
0,ранее
0,ранет
0,ранец
0,ранка
0,ранчо
0,рапид
0,расти
0,растр
0,ратай
0,ратин
0,раунд
0,рафия
0,рахис
0,рахит
0,рацея
0,рация
0,рачий
0,рачок
0,рвань
0,рвать
0,рвота
0,рдест
0,рдеть
0,ребро
0,ребус
0,ревмя
0,ревун
0,регби
0,регия
0,регот
0,редан
0,редис
0,редут
0,режим
0,резак
0,резец
0,резит
0,резка
0,резня
0,резол
0,резон
0,резус
0,рейка
0,релит
0,рельс
0,ремез
0,ремиз
0,ренет
0,рений
0,ренин
0,рента
0,репей
0,репер
0,репка
0,речка
0,решка
0,реять
0,ржавь
0,ржать
0,ржище
0,ризка
0,рикша
0,ринит
0,рипус
0,риска
0,ритор
0,рифма
0,рицин
0,ришта
0,робот
0,ровик
0,ровно
0,ровня
0,рогач
0,рогоз
0,родан
0,родий
0,родич
0,родня
0,рожки
0,рожок
0,рожон
0,розан
0,розга
0,розно
0,рознь
0,роить
0,ройба
0,рокот
0,ролик
0,роман
0,рондо
0,ронжа
0,ропак
0,ропот
0,ростр
0,ротик
0,роток
0,ротон
0,ротор
0,рохля
0,рояль
0,ртище
0,ртуть
0,рубеж
0,рубец
0,рубин
0,рубка
0,рубль
0,ругмя
0,ругня
0,рудой
0,рудый
0,рудяк
0,ружье
0,руина
0,руины
0,рукав
0,рулет
0,рулон
0,румба
0,румын
0,рунец
0,рупия
0,рупор
0,русак
0,русин
0,русло
0,русый
0,рутил
0,ручей
0,ручка
0,рыбак
0,рыбец
0,рыбий
0,рыбка
0,рывок
0,рыжей
0,рыжий
0,рыжик
0,рында
0,рынок
0,рысак
0,рысий
0,рысца
0,рысью
0,рытый
0,рытье
0,рычаг
0,рэкет
0,рюмка
0,рюшка
0,рябой
0,рябок
0,рядно
0,рядок
0,рядом
0,ряска
0,ряшка
0,саами
0,сабан
0,сабза
0,сабля
0,сабур
0,саван
0,савка
0,саган
0,сагиб
0,саджа
0,садик
0,садка
0,садок
0,сазан
0,сайга
0,сайда
0,сайка
0,сайра
0,саква
0,сакля
0,сакма
0,салат
0,салка
0,салки
0,салол
0,салон
0,салоп
0,салют
0,саман
0,самба
0,самбо
0,самец
0,самка
0,самум
0,самый
0,санки
0,сапер
0,сапка
0,сапог
0,сапун
0,сарай
0,саран
0,саржа
0,сарыч
0,сатин
0,сатир
0,сахар
0,сахиб
0,сачок
0,сбить
0,сбоку
0,сборы
0,сброд
0,сброс
0,сбруя
0,сбыть
0,свара
0,сваха
0,свежо
0,сверх
0,свеча
0,свиль
0,свинг
0,свист
0,свита
0,свить
0,свора
0,свояк
0,свыше
0,связь
0,сглаз
0,сдать
0,сдача
0,сдвиг
0,сдоба
0,сдуру
0,сдуть
0,сеанс
0,севак
0,север
0,севец
0,севок
0,седло
0,седой
0,седок
0,сезам
0,сезон
0,сейша
0,секач
0,секта
0,селен
0,селин
0,семга
0,семик
0,семит
0,семью
0,семья
0,сенаж
0,сенат
0,сенна
0,сенцо
0,сенцы
0,сепия
0,серия
0,серка
0,серко
0,серна
0,серсо
0,серум
0,серый
0,серяк
0,сесть
0,сетка
0,сечка
0,сеять
0,сжать
0,сжечь
0,сжить
0,сзади
0,сивер
0,сивка
0,сивко
0,сивуч
0,сивый
0,сигма
0,сидка
0,сидмя
0,сиена
0,сижок
0,сизиф
0,сизый
0,сизяк
0,сикоз
0,силач
0,силен
0,силой
0,силок
0,силон
0,силос
0,силур
0,сильф
0,синап
0,синец
0,синий
0,синод
0,синус
0,синяк
0,сипай
0,сирин
0,сироп
0,сирый
0,систр
0,ситар
0,ситец
0,ситро
0,ситце
0,сифон
0,сиять
0,скала
0,скало
0,скань
0,скарб
0,скарн
0,скаут
0,сквер
0,скетч
0,скирд
0,склад
0,склеп
0,склиз
0,склон
0,скоба
0,сколь
0,скопа
0,скора
0,скорм
0,скоро
0,скотт
0,скрап
0,скреп
0,скрип
0,скудо
0,скука
0,скула
0,скунс
0,слабо
0,слава
0,слайд
0,слать
0,слева
0,слега
0,слеза
0,сленг
0,слечь
0,слива
0,слизь
0,слить
0,слово
0,слоек
0,слоны
0,слуга
0,слыть
0,слышь
0,слюда
0,слюна
0,слюни
0,смазь
0,смалу
0,смена
0,смерд
0,смерч
0,смесь
0,смета
0,сметь
0,смола
0,смоль
0,смотр
0,смочь
0,смрад
0,смута
0,смысл
0,смыть
0,смять
0,снедь
0,снизу
0,снова
0,сноси
0,сноха
0,сныть
0,снять
0,собес
0,собор
0,совет
0,совий
0,совик
0,совка
0,совок
0,согды
0,содом
0,созыв
0,сойка
0,сойма
0,сойот
0,сойти
0,сокол
0,солея
0,солка
0,солод
0,сомон
0,сонет
0,сопка
0,сопли
0,сопло
0,сопля
0,сопор
0,сопун
0,сорго
0,сорит
0,сорок
0,сором
0,сорус
0,сосед
0,сосец
0,соска
0,сосна
0,сосок
0,сосуд
0,сосун
0,сосцы
0,сотая
0,сотка
0,сотня
0,сотый
0,софит
0,сочок
0,сошка
0,спазм
0,спать
0,спесь
0,спеть
0,спечь
0,спина
0,спирт
0,спить
0,спица
0,сплав
0,сплин
0,спора
0,спорт
0,спрос
0,спрут
0,спурт
0,спуск
0,сразу
0,среда
0,среди
0,средь
0,сроду
0,срост
0,срыву
0,срыть
0,сряду
0,ссечь
0,ссора
0,ссуда
0,стадо
0,стаза
0,сталь
0,станс
0,старт
0,старь
0,стать
0,ствол
0,створ
0,стега
0,стезя
0,стека
0,стела
0,стена
0,стенд
0,степс
0,степь
0,стечь
0,стило
0,стиль
0,стихи
0,стоик
0,стокс
0,столб
0,столп
0,столь
0,стопа
0,стояк
0,страж
0,страз
0,страх
0,стриж
0,строй
0,строп
0,струг
0,струп
0,струя
0,стужа
0,ступа
0,стыть
0,суаре
0,сувой
0,судак
0,судия
0,судно
0,судок
0,судья
0,суета
0,сукин
0,сукно
0,сулея
0,сулой
0,сумах
0,сумет
0,сумка
0,сумма
0,сунна
0,суоми
0,супец
0,супин
0,суржа
0,сурик
0,сурна
0,сурок
0,сусак
0,сусек
0,сусло
0,сутаж
0,сутки
0,сутра
0,суфле
0,сухая
0,сухой
0,сучий
0,сучка
0,сучок
0,сучье
0,сушка
0,сущий
0,сущик
0,сфера
0,схват
0,схема
0,схима
0,сцена
0,сцинк
0,счеты
0,сшить
0,съезд
0,сынов
0,сынок
0,сыпец
0,сырец
0,сырой
0,сырок
0,сырть
0,сырца
0,сырье
0,сытый
0,сычуг
0,сыщик
0,сюжет
0,сюита
0,сяжки
0,сяжок
0,сякой
0,табак
0,табес
0,табло
0,табор
0,табун
0,тавот
0,тавро
0,тавры
0,таган
0,тазик
0,таить
0,тайга
0,тайна
0,также
0,такка
0,таков
0,такой
0,такса
0,такси
0,такыр
0,талан
0,талер
0,талес
0,талик
0,талия
0,талон
0,талый
0,талыш
0,тальк
0,талья
0,тамга
0,тамил
0,танго
0,танец
0,танин
0,тапер
0,тапир
0,тапка
0,тапки
0,таран
0,тариф
0,таска
0,татка
0,тафта
0,тафья
0,тахта
0,тацет
0,тачка
0,ташка
0,таять
0,тварь
0,твист
0,театр
0,тезис
0,тезка
0,теизм
0,теист
0,текст
0,телец
0,телка
0,телок
0,тембр
0,темно
0,тенек
0,тенор
0,тепло
0,терем
0,терец
0,терка
0,термы
0,тесак
0,теска
0,тесло
0,тесно
0,тесто
0,тесть
0,тетин
0,тетка
0,теург
0,течка
0,тешка
0,тещин
0,тиара
0,тимол
0,типаж
0,типец
0,типик
0,типун
0,тираж
0,тиран
0,тиски
0,титан
0,титла
0,титло
0,титул
0,тифон
0,тихий
0,ткань
0,ткать
0,тлеть
0,тлить
0,тмить
0,то-то
0,товар
0,тогда
0,тодес
0,тойон
0,токай
0,токмо
0,толай
0,толки
0,толпа
0,толща
0,толщь
0,томат
0,томик
0,тондо
0,тонна
0,тонус
0,топаз
0,топка
0,топор
0,топот
0,торба
0,торги
0,торец
0,торий
0,торит
0,торос
0,тоска
0,тотем
0,тохар
0,точка
0,точно
0,точок
0,тошно
0,тощий
0,трава
0,травы
0,тракт
0,транс
0,трапп
0,трата
0,траур
0,треба
0,трель
0,трема
0,треск
0,трест
0,треть
0,треух
0,трефа
0,трефы
0,триас
0,триба
0,триер
0,тризм
0,трико
0,триод
0,тромб
0,тромп
0,тропа
0,трояк
0,труба
0,трусы
0,труха
0,трюмо
0,тубус
0,тугой
0,тугун
0,тузик
0,тукан
0,тулес
0,тулий
0,тулуз
0,тулук
0,тулуп
0,тулья
0,туляк
0,тумак
0,туман
0,тумба
0,тумор
0,тунец
0,тупей
0,тупец
0,тупик
0,тупой
0,тупыш
0,турач
0,турий
0,турне
0,турок
0,тутор
0,тутти
0,туфли
0,туфля
0,тучка
0,тушин
0,тушка
0,тщета
0,тыква
0,тынок
0,тырло
0,тырса
0,тычок
0,тю-тю
0,тюбик
0,тюник
0,тюрки
0,тюрок
0,тютюн
0,тюфяк
0,тючок
0,тябло
0,тягач
0,тягло
0,тяжба
0,тяжко
0,тяпка
0,убить
0,убрус
0,убыль
0,увить
0,увраж
0,угода
0,уголь
0,угорь
0,удаль
0,удача
0,удерж
0,удила
0,удить
0,удэге
0,уесть
0,ужать
0,ужели
0,ужель
0,узбек
0,уздцы
0,узерк
0,узина
0,узить
0,узкий
0,узник
0,уйгур
0,укать
0,уклад
0,уклон
0,укроп
0,укрут
0,укрюк
0,уксус
0,улика
0,улита
0,улица
0,уличи
0,улыба
0,улюлю
0,умбра
0,умбры
0,уметь
0,умище
0,умник
0,умный
0,умолк
0,умора
0,умыть
0,умять
0,униат
0,унтер
0,унция
0,унять
0,упечь
0,упрек
0,упырь
0,урема
0,урина
0,урман
0,усечь
0,усики
0,усище
0,усищи
0,успех
0,устав
0,устой
0,уступ
0,устье
0,утеря
0,утеха
0,утечь
0,утиль
0,утица
0,утлый
0,утром
0,ухарь
0,ухать
0,ухват
0,ухожь
0,учеба
0,учить
0,учхоз
0,ушить
0,ушица
0,ушкан
0,ушкуй
0,ушник
0,ушной
0,ущерб
0,уютно
0,фабра
0,фавор
0,фавус
0,фагот
0,фазан
0,фазис
0,факел
0,факир
0,фалда
0,фальц
0,фанза
0,фанты
0,фасад
0,фасет
0,фаска
0,фасон
0,фатум
0,фатюй
0,фауна
0,фацет
0,фация
0,фаянс
0,фений
0,фенил
0,фенол
0,ферзь
0,ферма
0,феска
0,фетиш
0,фетюк
0,фефер
0,фиакр
0,фибра
0,фибры
0,фигли
0,фидер
0,фижмы
0,физик
0,физия
0,фикус
0,филей
0,филер
0,филин
0,фильм
0,фильц
0,фимоз
0,финал
0,финик
0,финиш
0,финка
0,финна
0,фиорд
0,фирма
0,фитин
0,фишка
0,фланг
0,фланк
0,флейц
0,флешь
0,флинт
0,флирт
0,флокс
0,флора
0,флюид
0,фляга
0,фобия
0,фокус
0,фолио
0,фомин
0,фомка
0,фонон
0,форма
0,форте
0,форум
0,фоска
0,фотон
0,фофан
0,фраер
0,фраза
0,франк
0,франт
0,фрахт
0,фреза
0,френч
0,фреон
0,фронт
0,фрукт
0,фугас
0,фужер
0,фузея
0,фукус
0,фуляр
0,фураж
0,фурия
0,фурма
0,фурор
0,футер
0,футор
0,фуэте
0,фырок
0,фьорд
0,фюйть
0,фюрер
0,ха-ха
0,хабар
0,хаджи
0,хазар
0,хайло
0,хакас
0,халат
0,халва
0,халда
0,халиф
0,хамит
0,хамка
0,хамов
0,хамса
0,хамье
0,ханжа
0,ханты
0,ханша
0,хапун
0,харчи
0,харчо
0,хасид
0,хатка
0,хауса
0,хаять
0,хвала
0,хвать
0,хворь
0,хвост
0,хе-хе
0,хедер
0,хедив
0,херес
0,херик
0,хетты
0,хи-хи
0,хиазм
0,хилус
0,хилый
0,хиляк
0,химик
0,химия
0,химус
0,хинди
0,хинин
0,хиппи
0,хитин
0,хитон
0,хлест
0,хлупь
0,хлыст
0,хлюст
0,хлябь
0,хмарь
0,хмель
0,хмурь
0,хмырь
0,хо-хо
0,хобби
0,хобот
0,ходжа
0,ходик
0,ходка
0,ходок
0,ходун
0,холка
0,холод
0,холоп
0,холст
0,холуй
0,хомут
0,хомяк
0,хорал
0,хорда
0,хорей
0,хорек
0,хорея
0,хорон
0,хохма
0,хохол
0,хохот
0,хруст
0,хряпа
0,хряск
0,хряст
0,худой
0,хунта
0,хурал
0,хурда
0,хурма
0,хутор
0,цадик
0,цанга
0,цапка
0,цапля
0,цапун
0,цапфа
0,царап
0,царев
0,царек
0,цахур
0,цацка
0,цвель
0,цветы
0,цевка
0,цевье
0,цедра
0,цезий
0,целик
0,целое
0,целый
0,центр
0,цепка
0,цепня
0,церий
0,цехин
0,цибик
0,цикля
0,цинаш
0,цинга
0,циник
0,цирик
0,циста
0,цитра
0,цифра
0,цокот
0,цугом
0,цукат
0,цуцик
0,цыган
0,цыпка
0,цыпки
0,чабан
0,чабер
0,чадра
0,чайка
0,чакан
0,чалка
0,чалма
0,чалый
0,чанах
0,чарка
0,часик
0,часок
0,часом
0,часть
0,чатал
0,чашка
0,чаять
0,чебак
0,чебот
0,чекан
0,челка
0,чемер
0,чепан
0,чепец
0,черва
0,черви
0,червы
0,червь
0,черед
0,через
0,череп
0,чернь
0,черта
0,ческа
0,честь
0,четий
0,четки
0,чехол
0,чечет
0,чешка
0,чешки
0,чешуя
0,чибис
0,чижик
0,чилим
0,чинар
0,чинка
0,чипсы
0,чирей
0,чирок
0,число
0,читка
0,чичер
0,чокер
0,чомга
0,чохом
0,чрево
0,чреда
0,чтиво
0,чтить
0,чтица
0,чтобы
0,чубук
0,чувал
0,чуваш
0,чувяк
0,чугун
0,чудак
0,чудик
0,чудно
0,чудом
0,чужак
0,чужая
0,чужое
0,чужой
0,чуйка
0,чукча
0,чулан
0,чулки
0,чулок
0,чумак
0,чурек
0,чурка
0,чуток
0,чутье
0,чухна
0,чушка
0,чуять
0,чхать
0,шабаш
0,шабер
0,шабли
0,шабот
0,шавка
0,шагом
0,шажок
0,шайба
0,шайка
0,шакал
0,шалаш
0,шалун
0,шалый
0,шаман
0,шамот
0,шанец
0,шанкр
0,шапка
0,шарап
0,шарах
0,шарик
0,шасла
0,шассе
0,шасси
0,шасть
0,шатен
0,шатер
0,шатия
0,шатун
0,шафер
0,шахта
0,шашка
0,шашни
0,шваль
0,шванк
0,швара
0,шварк
0,шварт
0,швырк
0,шевро
0,шеища
0,шейка
0,шелеп
0,шелом
0,шельф
0,шемая
0,шепот
0,шериф
0,шесть
0,шибер
0,шиизм
0,шимми
0,шинок
0,шипун
0,ширма
0,ширмы
0,шитво
0,шитик
0,шитый
0,шитье
0,шифер
0,шифон
0,шихан
0,шихта
0,шишак
0,шишка
0,шкала
0,шквал
0,шкерт
0,шкода
0,школа
0,шкура
0,шланг
0,шлейф
0,шлюха
0,шляпа
0,шмель
0,шнапс
0,шнека
0,шорец
0,шорка
0,шорня
0,шорох
0,шорты
0,шоссе
0,шофер
0,шпага
0,шпала
0,шпана
0,шпень
0,шпиль
0,шпинь
0,шпион
0,шпона
0,шпора
0,шприц
0,шпрот
0,шпуля
0,шпунт
0,шпынь
0,шримс
0,шрифт
0,штамб
0,штамм
0,штамп
0,штаны
0,штейн
0,штиль
0,штифт
0,штора
0,шторм
0,штраф
0,штрек
0,штрих
0,штука
0,штурм
0,штырь
0,шуаны
0,шубка
0,шугай
0,шудра
0,шуйца
0,шулер
0,шумер
0,шумок
0,шурин
0,шурпа
0,шуруп
0,шутка
0,шутов
0,шушун
0,шхеры
0,шхуна
0,щаной
0,щебет
0,щегол
0,щекот
0,щелка
0,щелок
0,щенок
0,щепка
0,щетка
0,щечка
0,щипец
0,щипка
0,щипок
0,щипцы
0,щитик
0,щиток
0,щупик
0,щурка
0,щурок
0,щучий
0,щучка
0,эвенк
0,эгида
0,эгрет
0,эдикт
0,экзот
0,эклер
0,экран
0,элеат
0,элита
0,эллин
0,эмаль
0,эммер
0,энзим
0,энный
0,эозин
0,эолит
0,эолов
0,эоцен
0,эпика
0,эпонж
0,эпоха
0,эпюра
0,эрбий
0,эрзац
0,эркер
0,эсдек
0,эскиз
0,эстет
0,этвеш
0,этика
0,эфиоп
0,юдоль
0,южнее
0,южный
0,юзист
0,юкола
0,юлить
0,юнеть
0,юниор
0,юница
0,юнкер
0,юнкор
0,юннат
0,юноша
0,юрист
0,юркий
0,юрьев
0,юферс
0,ябеда
0,явить
0,явный
0,ягель
0,ягода
0,ягуар
0,яичко
0,якать
0,якобы
0,якорь
0,ялбот
0,ямаец
0,ямина
0,ямища
0,ямный
0,ямщик
0,ярить
0,ярица
0,яркий
0,ярлык
0,яруга
0,ярыга
0,ясень
0,ясмин
0,ясный
0,яспис
0,яства
0,яство
0,ястык
0,ясырь
0,ятвяг
0,ятовь
0,яхонт
0,ячать
0,ячный
